customer_conformed_id,rental_customer_id,twitter_id,salesforce_id
1,1,cairdin,SF2614
2,2,jnardino,SF1799
3,3,yvonnalynn,SF1852
4,4,cjmcginnis,SF1558
5,5,pilot,SF1092
6,6,dhepburn,SF1733
7,7,YupitsTate,SF1595
8,8,idk_but_youtube,SF2132
9,9,HyperCamiLax,SF2104
10,10,mollanderson,SF1796
11,11,sjespers,SF2214
12,12,smartwatermelon,SF1474
13,13,ItzBrianHunty,SF2564
14,14,heatherovieda,SF2043
15,15,thebrandiray,SF1831
16,16,JNLpierce,SF2245
17,17,MISSGJ,SF2157
18,18,DT_Les,SF2191
19,19,ElvinaBeck,SF2449
20,20,rjlynch21086,SF2022
21,21,ayeevickiee,SF2430
22,22,Leora13,SF1588
23,23,meredithjlynn,SF2513
24,24,AdamSinger,SF1505
25,25,blackjackpro911,SF2294
26,26,TenantsUpstairs,SF2317
27,27,jordanpichler,SF2448
28,28,JCervantezzz,SF1197
29,29,Cuschoolie1,SF2750
30,30,amanduhmccarty,SF1390
31,31,NorthTxHomeTeam,SF2362
32,32,miaerolinea,SF2391
33,33,Nicsplace,SF2716
34,34,elisha_malulani,SF1466
35,35,DannyDouglass,SF2628
36,36,jamesferrandini,SF1148
37,37,will_lenzenjr,SF1018
38,38,GottAmanda,SF1442
39,39,KGervaise,SF2553
40,40,papamurat,SF2330
41,41,arieldaie,SF2436
42,42,vacations7,SF1647
43,43,ChelseaPoe666,SF2102
44,44,BobGlavinVO,SF2095
45,45,lisaaiko,SF1210
46,46,grantbrowne,SF1048
47,47,joyabsalon,SF1563
48,48,2v,SF1203
49,49,KSmithFoundHere,SF1585
50,50,murphicus,SF1419
51,51,VinnieFerra,SF1612
52,52,KevinDemsi,SF2912
53,53,giffgaffman,SF1762
54,54,HanlonBrothers,SF2817
55,55,emilybg78,SF1479
56,56,rachie1126,SF2943
57,57,adawson66,SF1045
58,58,SocialPLC,SF2552
59,59,jeffreymace01,SF2350
60,60,1stcrown,SF1135
61,61,onerockgypsy,SF2589
62,62,noelduan,SF1963
63,63,Travelzoo,SF1080
64,64,gianagon,SF1406
65,65,bxchen,SF1476
66,66,seimatrun,SF2020
67,67,jamied7,SF1982
68,68,mrmichaellay,SF2287
69,69,TaylorLumsden,SF2788
70,70,campusmoviefest,SF2383
71,71,meme_meng,SF1897
72,72,kyle_romanoff,SF2145
73,73,GunsNDip,SF2162
74,74,artisticwritr87,SF2914
75,75,jsatk,SF1834
76,76,serenaklal,SF2722
77,77,openambit1,SF1855
78,78,cabowine,SF1349
79,79,MaryAnnTaylorT,SF1279
80,80,RamotControl,SF2417
81,81,losermelon,SF1394
82,82,AlisonK33774854,SF1490
83,83,yazdanagh,SF2178
84,84,MerchEngines,SF1423
85,85,ColorCartel,SF2457
86,86,MustBeSpoken,SF2364
87,87,mattbunk,SF1541
88,88,louisjenny,SF1022
89,89,STravelsW,SF2387
90,90,joeyrenagade,SF2555
91,91,TheDuchessSF,SF2441
92,92,BeLeather,SF2027
93,93,drcaseydrake,SF1664
94,94,flyfromWAS,SF1618
95,95,flyfromSEA,SF1838
96,96,flyfromNYC,SF2511
97,97,flyfromLAX,SF2368
98,98,Silvanabfer,SF1054
99,99,AdamJdubs,SF1759
100,100,nicholas_v,SF2659
101,101,tstashajones,SF1858
102,102,SkateMamas,SF1608
103,103,dngoo,SF2577
104,104,SamBrittenham,SF1542
105,105,usagibrian,SF1475
106,106,KindofLuke,SF2107
107,107,ptbrodie,SF1780
108,108,cheryleng,SF1500
109,109,HishamSharaby,SF1006
110,110,ChrisFordisHere,SF2236
111,111,JKF1897,SF2520
112,112,F6x,SF2337
113,113,lawyang588,SF1049
114,114,melokudo,SF2416
115,115,ChrysiChrysic,SF1286
116,116,nikkisixxfan93,SF1694
117,117,MOCBlogger,SF1610
118,118,tfaz,SF1467
119,119,lisaptv,SF2175
120,120,dropapp,SF2550
121,121,HollywoodHotMom,SF2220
122,122,GoShar2012,SF1400
123,123,FiDiFamilies,SF1332
124,124,jarrydosborne,SF1102
125,125,mlorenzen,SF2465
126,126,Tyler_Starrine,SF1661
127,127,jessicajaymes,SF1987
128,128,livingfitly,SF2309
129,129,khartline,SF1453
130,130,MACRoxburgh,SF1765
131,131,paulnakada,SF1881
132,132,wildcatdad,SF2019
133,133,RheaThurman1,SF2476
134,134,Osiris91780,SF2408
135,135,HeatherWhoo,SF2640
136,136,RampantSmashing,SF1297
137,137,intlwriter,SF2344
138,138,finslippy,SF2688
139,139,Gr8Fratsby,SF2571
140,140,sbaaronson,SF1850
141,141,jonesbasf,SF2803
142,142,NewsSWA,SF2299
143,143,CSHangover,SF1086
144,144,girlphotophilly,SF2115
145,145,Graemelodge5545,SF2748
146,146,Boards707,SF1544
147,147,MikeWiener,SF2594
148,148,simpasmore,SF1813
149,149,TTINAC11,SF2323
150,150,elaurawrr,SF2230
151,151,meladorri,SF2481
152,152,archiegips,SF1336
153,153,obiwantoby,SF2097
154,154,MarwaYousofzoy,SF2483
155,155,TheNotoriousLEX,SF1598
156,156,advertisingdiva,SF1774
157,157,Floxie10,SF1507
158,158,alexrkonrad,SF1284
159,159,lexiesalas,SF1172
160,160,MaximWheatley,SF1514
161,161,Artenis15,SF1431
162,162,NancyJFriedman,SF1792
163,163,JT_Magana,SF1644
164,164,carabubes,SF1228
165,165,wmrrock,SF2188
166,166,DailyBillboard,SF1147
167,167,BigRichTexasPam,SF2525
168,168,rtw4,SF1096
169,169,casualdiego,SF2055
170,170,aaronkurlander,SF2599
171,171,MistakeCakeJake,SF2558
172,172,NoelArtiles,SF1750
173,173,floatingatoll,SF1697
174,174,borknagar,SF2268
175,175,propsonline,SF2093
176,176,carlos89178,SF2587
177,177,shounshounette,SF1398
178,178,alanzeino,SF2970
179,179,DonnellyPatrick,SF1282
180,180,stefanpinto,SF2456
181,181,josephschwegler,SF1803
182,182,jennifer_caron,SF2258
183,183,ninjasistah,SF1502
184,184,daniellewolff,SF2982
185,185,EleonoraKaras,SF1828
186,186,carlosondrums,SF2462
187,187,stephenasilverm,SF2633
188,188,mrl6626,SF1851
189,189,SunRighteous,SF2389
190,190,readerriter,SF2322
191,191,jeredscott,SF2535
192,192,eric_t_lee,SF1592
193,193,bluesmoon,SF2514
194,194,RedSoxGirl1976,SF1000
195,195,InuAtah,SF1117
196,196,Recessionista,SF2478
197,197,moosekazmi,SF1449
198,198,_LisaCap,SF1111
199,199,eatgregeat,SF2783
200,200,courtDMC,SF2569
201,201,woawABQ,SF1176
202,202,Cydney_Chase,SF1512
203,203,AirlineFuel,SF2937
204,204,OriginalTuna,SF2237
205,205,ImThankfulRadio,SF1941
206,206,AnnaProsser,SF1412
207,207,HenryLucero,SF2221
208,208,daisy1016,SF2241
209,209,TGSOFL,SF2610
210,210,stephanieslome,SF2096
211,211,Alex_Ricardo,SF2740
212,212,djchuang,SF1517
213,213,miekd,SF1364
214,214,insideout,SF1898
215,215,fromtheleftseat,SF1104
216,216,AlyssaJenS,SF1215
217,217,Kevin_E_Park,SF2661
218,218,FlexinFinessinB,SF2371
219,219,drsaadiaim,SF1163
220,220,MaverickGamersX,SF1566
221,221,MsReeseGirl,SF2694
222,222,CanPOREOTICS,SF1973
223,223,LizaUtter,SF2519
224,224,crj_lll,SF2618
225,225,snellbell,SF2565
226,226,AcronymBex,SF2928
227,227,SleeplessByte,SF1700
228,228,notthatnathan,SF2839
229,229,Sleubeau,SF2290
230,230,Yorkshire_D,SF2169
231,231,SaraBabs,SF1469
232,232,polaroidmisha,SF1241
233,233,NazarFakih,SF2306
234,234,JetBlueNews,SF2135
235,235,RobynMatza,SF2461
236,236,SocialMedia305,SF1626
237,237,StevenMYoung,SF2123
238,238,thecompostcook,SF2284
239,239,chrisaguiar88,SF1916
240,240,matthewhirsch,SF1979
241,241,GabriellaDago,SF1509
242,242,MarcPerez,SF1577
243,243,JayRockerz,SF2397
244,244,mlbkid162,SF1391
245,245,Hwoodboy24,SF2070
246,246,perMicah,SF2494
247,247,iamnayr,SF1450
248,248,gemmabow19,SF2794
249,249,BFPTravel,SF2518
250,250,davidhfe,SF2232
251,251,chet,SF2548
252,252,TMAnderson10,SF1316
253,253,SSal,SF2509
254,254,SoleXclusive415,SF1791
255,255,j_payton,SF1683
256,256,AQR415,SF2347
257,257,SuuperG,SF2647
258,258,imacsweb,SF1272
259,259,El_Nel_81,SF1188
260,260,zoelle,SF2737
261,261,FreyaBevan_Fund,SF2786
262,262,traveldg,SF2238
263,263,adavidson26,SF2897
264,264,SigmaRue,SF1223
265,265,MNDNCH,SF1944
266,266,AArt763,SF2734
267,267,conorjrogers,SF1997
268,268,bonniecamp,SF2172
269,269,GaySkiWeek,SF2840
270,270,graveyardtravel,SF1650
271,271,taygarrett,SF1503
272,272,jamonholmgren,SF2756
273,273,BlackFlagShoppe,SF2450
274,274,c_crubin,SF2682
275,275,richeyvicious,SF1521
276,276,LondonBrushCo,SF1895
277,277,sapnasparikh,SF1736
278,278,alexster4324,SF2044
279,279,beasharif,SF2363
280,280,MajorPaayne,SF1008
281,281,giannilee,SF1578
282,282,Rgulojr,SF1261
283,283,_kristenicole_,SF2365
284,284,CuteMonsterDad,SF1499
285,285,chase_f,SF2148
286,286,danteusa1,SF2828
287,287,mightymeesh,SF2437
288,288,Matthewbenz,SF2744
289,289,0504Traveller,SF1283
290,290,KarinSLee,SF2739
291,291,EricLMitchell,SF1771
292,292,fattbelly,SF2247
293,293,itsGREEKSAUSAGE,SF1066
294,294,kzone7,SF1816
295,295,heatherbeckel,SF1643
296,296,TLoui143,SF1504
297,297,marshman240,SF2560
298,298,hungarianhc,SF1341
299,299,MarcSM,SF1741
300,300,quackling,SF1596
301,301,tedreednc,SF1702
302,302,stevengcpa,SF2612
303,303,DOHA_Insight,SF2176
304,304,LibyaBizInfo,SF2747
305,305,AlgeriaTweets,SF2278
306,306,_raulll,SF1217
307,307,mikeb51431,SF2603
308,308,gbone34,SF2033
309,309,GeorgettePierre,SF2940
310,310,edzme,SF2203
311,311,Joaquin68443,SF2318
312,312,contimike,SF2852
313,313,nschneble,SF2472
314,314,eganist,SF1038
315,315,pointsguy,SF1402
316,316,timlopez,SF2128
317,317,mirandahaustin,SF2815
318,318,franks105,SF1635
319,319,iamDavidAustin,SF2075
320,320,mekirkpatrick,SF1511
321,321,jpf4986,SF1907
322,322,Pace6445,SF2056
323,323,HuntTreadwell,SF2065
324,324,jsamaudio,SF1743
325,325,matthew,SF1545
326,326,mrpresident1776,SF1731
327,327,elimae724,SF2204
328,328,ctpsts,SF1961
329,329,jhen_d,SF1107
330,330,AUStinAirport,SF2501
331,331,reaganroy,SF1184
332,332,onewil,SF2285
333,333,PlantFoodDude,SF2968
334,334,jtwiegele,SF1123
335,335,sporch62,SF2112
336,336,chrisdpatton,SF1718
337,337,stopasyougo,SF2985
338,338,AlMehairiAUH,SF1125
339,339,AwsmSpaceMonkey,SF2341
340,340,iamWalkerR,SF1551
341,341,MarcoFlavioM,SF1873
342,342,dreamerintexas,SF1421
343,343,WilsonJoshuaLee,SF2615
344,344,sanjosedr,SF1693
345,345,dsg0110,SF2414
346,346,lakebrahlands,SF1696
347,347,opteyemisg,SF2971
348,348,steve97070,SF1879
349,349,letherebeflight,SF2992
350,350,NickyB617,SF2424
351,351,total_janarchy,SF1848
352,352,helenalor,SF2588
353,353,HaraLillier,SF1317
354,354,helenhoppock,SF1077
355,355,KallysAlbertSr,SF2867
356,356,Price714,SF2792
357,357,mctrees02,SF2196
358,358,lindsowesto,SF2388
359,359,TheAdamRizz,SF1060
360,360,josiebarosie,SF2662
361,361,killawattannie,SF2164
362,362,JAYXXX1,SF2843
363,363,myvortex,SF2728
364,364,mynejas,SF2051
365,365,SimplyImplicit,SF2307
366,366,wtcgroup,SF1668
367,367,tookthecollar,SF2781
368,368,ICEportal,SF1113
369,369,EnonThaPhenom,SF1174
370,370,mattejacob,SF2741
371,371,TheDCD,SF2858
372,372,Hakenson_LIOX,SF1967
373,373,funky_bbq,SF2464
374,374,HereticPharaoh,SF2008
375,375,judy_202,SF2903
376,376,reekyrocks,SF1918
377,377,BrandonS002,SF2239
378,378,RyScanlon,SF2321
379,379,itsjulianking,SF1649
380,380,cayocrazy,SF2167
381,381,paulhting,SF1311
382,382,kellitweets,SF2507
383,383,the22207,SF2275
384,384,Perceptions,SF1758
385,385,tan_talize,SF2886
386,386,jonovoss,SF1686
387,387,texasjuls,SF4006
388,388,loungesong,SF4189
389,389,ryan_kravontka,SF4059
390,390,WWJAYD,SF4079
391,391,waytogopdx,SF4034
392,392,Todd1HHD,SF4051
393,393,BBahreman,SF4171
394,394,PlayjtLV,SF4150
395,395,rdowning76,SF4011
396,396,CoreyAStewart,SF4097
397,397,CoralReefer420,SF4083
398,398,lsalazarll,SF4041
399,399,rombaa,SF4139
400,400,samidip,SF4063
401,401,karenmcgregor86,SF4136
402,402,andycheco,SF4016
403,403,hmansfield,SF4174
404,404,slandail,SF4125
405,405,nydia376,SF4105
406,406,BK_TheBri,SF4117
407,407,LarkAfterDark,SF4039
408,408,Ashley_Jeffris,SF4190
409,409,CheerTymeDad,SF4181
410,410,Nikki62878,SF4057
411,411,JordanTapiia,SF4151
412,412,rissels,SF4163
413,413,WorstThingsBot,SF4173
414,414,Anntasia,SF4101
415,415,nate2482,SF4106
416,416,akobilarov,SF4038
417,417,andreaSanger,SF4179
418,418,Guggero,SF4060
419,419,runwithmiles,SF4012
420,420,BocheBillions,SF4197
421,421,CoachJoette,SF4166
422,422,lotusfitness,SF4077
423,423,megfalcone,SF4130
424,424,OohLaLa09,SF4142
425,425,cehertz,SF4027
426,426,fitztango,SF4112
427,427,F_U_ng,SF4099
428,428,mattwbaker,SF4152
429,429,collegepathSS,SF4115
430,430,kevintgarner,SF4042
431,431,discobiscuit63,SF4091
432,432,kevinfla3,SF4003
433,433,sundialtours,SF4187
434,434,SEGrower,SF4111
435,435,cristobalwong,SF4071
436,436,logainne,SF4128
437,437,LukeGzus,SF4032
438,438,chrsmichaels,SF4082
439,439,Joestudent11,SF4165
440,440,johnkarpf,SF4198
441,441,Micaela4Mizzou,SF4193
442,442,Peter_Abrahamse,SF4007
443,443,fuchsialipstick,SF4124
444,444,getmeontop,SF4073
445,445,jkentakula,SF4056
446,446,jasonpblakey,SF4161
447,447,BillBra95467934,SF4113
448,448,JoshuaIsWrong,SF4127
449,449,debweinz,SF4109
450,450,mbelliss,SF4180
451,451,throthra,SF4196
452,452,jakepoznak,SF4004
453,453,AldenGlobe,SF4090
454,454,Mateyush,SF4014
455,455,ShawnaNewman,SF4008
456,456,Sri_Philips,SF4184
457,457,CATTTastrophe,SF4028
458,458,CassiusCCIDog,SF4075
459,459,guichaves1989,SF4013
460,460,PFlandersdc,SF4036
461,461,RaquelSnyderDC,SF4050
462,462,alex_nieves,SF4122
463,463,MyCustoAdvocate,SF4088
464,464,JohnJReid,SF4031
465,465,screamingbrat,SF4017
466,466,Maxxisonfire,SF4061
467,467,kelseyblack92,SF4118
468,468,Twist_OP,SF4104
469,469,jammyrascals,SF4026
470,470,AmericanNarad,SF4058
471,471,fatwmnonthemtn,SF4154
472,472,tuckerI84,SF4074
473,473,christinphillip,SF4146
474,474,ChrisNielsen2,SF4085
475,475,campilley,SF4188
476,476,Hannahsfight1,SF4044
477,477,brimalxx,SF4135
478,478,Evan_Flay,SF4037
479,479,8629Fissile,SF4145
480,480,growingpangs,SF4149
481,481,TaylorGravett,SF4291
482,482,mortgagesbycoop,SF6192
483,483,dlm_3,SF6062
484,484,Cecilia_stories,SF4743
485,485,etiyi,SF4820
486,486,missinver,SF5366
487,487,_mhertz,SF5441
488,488,AurelAssan,SF4869
489,489,ajpape,SF4726
490,490,WhatSarahSayzz,SF4222
491,491,kathryn217628,SF4201
492,492,BouleChitte,SF4420
493,493,xRaeCatherine,SF5089
494,494,Kalbozey,SF5485
495,495,bcarlsrud,SF5695
496,496,dkesten71,SF5589
497,497,MeganHolstein,SF4160
498,498,brooklyn_dodger,SF4286
499,499,T2News,SF5973
500,500,BrittanyWolgast,SF4748
501,501,Gouwerijn,SF5048
502,502,GSG_President,SF4839
503,503,RichHays,SF5780
504,504,Spanner2,SF5420
505,505,msalvatore15,SF5895
506,506,inspirevery,SF4476
507,507,sothenbethsaid,SF6027
508,508,michaelsalinger,SF5734
509,509,SaipanBrad,SF5383
510,510,JesseLitsch,SF5199
511,511,shortfatnhappy,SF5232
512,512,PhilFromChico,SF5306
513,513,Finrz,SF6154
514,514,FreedomFilmNJ,SF4636
515,515,DJPartyMarty,SF5566
516,516,The5y5Adm1n,SF5771
517,517,urno12,SF5152
518,518,vancouverbrit,SF4331
519,519,lindaSWC,SF5278
520,520,raulcordenillo,SF4806
521,521,FIETA_DOC,SF5096
522,522,CellucorJulio,SF4750
523,523,tiffy_mac,SF4504
524,524,vaficionado,SF5548
525,525,747_TJ,SF5069
526,526,kbleggett,SF4843
527,527,Emily_VII,SF4357
528,528,fairplay500,SF5755
529,529,The_Playmaker20,SF4701
530,530,kevinforgoogle,SF5839
531,531,MelanieSpring,SF5024
532,532,Meyer47,SF5676
533,533,dafg42,SF4459
534,534,DavidRogerswork,SF5790
535,535,mbarnas,SF4849
536,536,real_steve_ward,SF5912
537,537,RissaWissa,SF4551
538,538,Darquenloveli,SF5900
539,539,paula1231970,SF5481
540,540,alikat9220,SF5952
541,541,fortytoo,SF5486
542,542,macefaceeeee,SF4388
543,543,DaniOnTheFritz,SF4290
544,544,drewziIIa,SF5244
545,545,petergau,SF5575
546,546,tomcrabtree,SF4561
547,547,ColtonWoytas,SF6042
548,548,KeenanPam,SF4502
549,549,rholbrook,SF6025
550,550,CaseyWoodTV,SF4731
551,551,zach_wardroup,SF6066
552,552,Tdrag97,SF5625
553,553,Siv,SF4658
554,554,luke_mcintosh68,SF4164
555,555,wordstern,SF5630
556,556,CharlieGMoney,SF6067
557,557,sacsmitty,SF4272
558,558,oduric,SF4691
559,559,BinyGlancz,SF4617
560,560,danmedwards,SF6044
561,561,Kelley_Myers,SF4194
562,562,gregriv,SF4928
563,563,Greg_Mueller,SF4780
564,564,RyanMagovs,SF5272
565,565,handsomanderson,SF4186
566,566,PreyingMantis02,SF4579
567,567,theBRYZness,SF4990
568,568,hellojennizzle,SF5352
569,569,cyberhosed,SF6193
570,570,whs1973,SF4298
571,571,family6travels,SF4988
572,572,ChrisMD123,SF4376
573,573,davidchernin,SF4888
574,574,AndyA3,SF4541
575,575,kevinaom,SF4157
576,576,kimberlytwaters,SF6197
577,577,JeffPKirkland,SF6560
578,578,BethStuever,SF4344
579,579,AlexanderKrach,SF5050
580,580,thetonyblank,SF5403
581,581,stopz,SF6609
582,582,gguilber,SF6302
583,583,Zgrinch,SF6844
584,584,MommyPR,SF5184
585,585,jlgustafson1,SF6718
586,586,theKos,SF5500
587,587,jasonjernigan,SF8172
588,588,thelaurenmoore,SF7940
589,589,TravelShopVT,SF5535
590,590,j0rdanj0nes,SF8346
591,591,momsgoodeats,SF8107
592,592,DeputyBrans,SF8987
593,593,mllovelace,SF8538
594,594,Ted_Bray,SF8667
595,595,DickAltavista,SF8585
596,596,Clking_sf,SF8178
597,597,Bozboyku1,SF8827
598,598,brando_787,SF8244
